,href,name,keys
0,https://yocket.in/university-reviews/arizona-state-university-782/engineering,Arizona State University ,ASU
1,https://yocket.in/university-reviews/northeastern-university-736/engineering,Northeastern University ,NEU
2,https://yocket.in/university-reviews/texas-a-and-m-university-college-station-706/engineering,"Texas A&M University, College Station ",TAMU
3,https://yocket.in/university-reviews/university-of-southern-california-745/engineering,University of Southern California ,USC
4,https://yocket.in/university-reviews/university-of-texas-dallas-752/engineering,University of Texas at Dallas ,UTD
5,https://yocket.in/university-reviews/university-of-texas-arlington-824/engineering,University of Texas at Arlington ,UT Arlington
6,https://yocket.in/university-reviews/state-university-of-new-york-at-buffalo-734/engineering,University at Buffalo SUNY ,SUNY Buffalo
7,https://yocket.in/university-reviews/north-carolina-state-university-raleigh-729/engineering,"North Carolina State University, Raleigh ",NCSU
8,https://yocket.in/university-reviews/georgia-institute-of-technology-703/engineering,Georgia Institute of Technology ,GaTech
9,https://yocket.in/university-reviews/university-of-texas-austin-713/engineering,University of Texas at Austin ,UT Austin
10,https://yocket.in/university-reviews/university-of-illinois-at-chicago-810/engineering,University of Illinois at Chicago ,UIC
11,https://yocket.in/university-reviews/new-york-university-2587/engineering,New York University ,NYU
12,https://yocket.in/university-reviews/illinois-institute-of-technology-1043/engineering,Illinois Institute of Technology ,IIT Chicago
13,https://yocket.in/university-reviews/san-jose-state-university-2777/engineering,San Jose State University ,SJSU
14,https://yocket.in/university-reviews/university-of-north-carolina-at-charlotte-860/engineering,University of North Carolina at Charlotte ,UNCC
15,https://yocket.in/university-reviews/carnegie-mellon-university-702/engineering,Carnegie Mellon University ,CMU
16,https://yocket.in/university-reviews/purdue-university-west-lafayette-748/engineering,Purdue University West Lafayette ,Purdue
17,https://yocket.in/university-reviews/university-of-maryland-college-park-712/engineering,"University of Maryland, College Park ",UMCP
18,https://yocket.in/university-reviews/university-of-florida-710/engineering,University of Florida ,UFL
19,https://yocket.in/university-reviews/university-of-california-san-diego-764/engineering,"University of California, San Diego ",UCSD
20,https://yocket.in/university-reviews/pennsylvania-state-university-808/engineering,Pennsylvania State University ,Penn State
21,https://yocket.in/university-reviews/university-of-minnesota-twin-cities-1094/engineering,"University of Minnesota, Twin Cities ",UM Twin Cities
22,https://yocket.in/university-reviews/syracuse-university-705/engineering,Syracuse University ,Syracuse
23,https://yocket.in/university-reviews/university-of-california-irvine-795/engineering,"University of California, Irvine ",UC Irvine
24,https://yocket.in/university-reviews/rochester-institute-of-technology-746/engineering,Rochester Institute of Technology ,RIT
25,https://yocket.in/university-reviews/university-of-michigan-ann-arbor-737/engineering,University of Michigan - Ann Arbor ,U Mich
26,https://yocket.in/university-reviews/virginia-tech-714/engineering,Virginia Tech ,Virg. Tech
27,https://yocket.in/university-reviews/university-of-illinois-at-urbana-champaign-711/engineering,University of Illinois at Urbana-Champaign ,UIUC
28,https://yocket.in/university-reviews/university-of-california-los-angeles-707/engineering,"University of California, Los Angeles ",UCLA
29,https://yocket.in/university-reviews/state-university-of-new-york-at-stony-brook-735/engineering,State University of New York at Stony Brook ,SUNY-SB
30,https://yocket.in/university-reviews/iowa-state-university-818/engineering,Iowa State University ,Iowa State
31,https://yocket.in/university-reviews/rutgers-university-new-brunswick-2595/engineering,Rutgers University-New Brunswick ,Rutgers NB
32,https://yocket.in/university-reviews/columbia-university-709/engineering,Columbia University ,Columbia
33,https://yocket.in/university-reviews/university-of-houston-2617/engineering,University of Houston ,U. Houston
34,https://yocket.in/university-reviews/michigan-state-university-1856/engineering,Michigan State University ,Mich. SU
35,https://yocket.in/university-reviews/university-of-massachusetts-amherst-780/engineering,University of Massachusetts Amherst ,Umass Am
36,https://yocket.in/university-reviews/university-of-cincinnati-743/engineering,University of Cincinnati ,U.Cincin
37,https://yocket.in/university-reviews/university-of-colorado-boulder-749/engineering,University of Colorado Boulder ,Boulder
38,https://yocket.in/university-reviews/new-jersey-institute-of-technology-863/engineering,New Jersey Institute of Technology ,NJIT
39,https://yocket.in/university-reviews/university-of-wisconsin-madison-794/engineering,University of Wisconsin-Madison ,UW Mad
40,https://yocket.in/university-reviews/clemson-university-865/engineering,Clemson University ,Clemson
41,https://yocket.in/university-reviews/university-of-pennsylvania-801/engineering,University of Pennsylvania ,UPenn
42,https://yocket.in/university-reviews/california-state-university-fullerton-2679/engineering,"California State University, Fullerton ",Fullerton
43,https://yocket.in/university-reviews/ohio-state-university-809/engineering,Ohio State University ,OSU
44,https://yocket.in/university-reviews/university-of-california-berkeley-802/engineering,University of California – Berkeley ,UC Berkeley
45,https://yocket.in/university-reviews/stevens-institute-of-technology-2600/engineering,Stevens Institute of Technology ,Stevens IT
46,https://yocket.in/university-reviews/cornell-university-781/engineering,Cornell University ,Cornell
47,https://yocket.in/university-reviews/university-of-california-davis-868/engineering,"University of California, Davis ",UC Davis
48,https://yocket.in/university-reviews/university-of-south-florida-2640/engineering,University of South Florida ,USF
49,https://yocket.in/university-reviews/san-diego-state-university-2775/engineering,San Diego State University ,SDSU
50,https://yocket.in/university-reviews/michigan-technological-university-1857/engineering,Michigan Technological University ,MTU
51,https://yocket.in/university-reviews/massachusetts-institute-of-technology-704/engineering,Massachusetts Institute of Technology ,MIT
52,https://yocket.in/university-reviews/stanford-university-763/engineering,Stanford University ,Stanford
53,https://yocket.in/university-reviews/university-of-washington-1480/engineering,University of Washington ,UW Seattle
54,https://yocket.in/university-reviews/university-of-utah-1815/engineering,University of Utah ,Utah
55,https://yocket.in/university-reviews/rutgers-university-newark-834/engineering,"Rutgers University, Newark ",Rutgers
56,https://yocket.in/university-reviews/george-mason-university-915/engineering,George Mason University ,GMU
57,https://yocket.in/university-reviews/northwestern-university-814/engineering,Northwestern University ,NWU
58,https://yocket.in/university-reviews/santa-clara-university-2596/engineering,Santa Clara University ,Santa Clara
59,https://yocket.in/university-reviews/boston-university-701/engineering,Boston University ,BU
60,https://yocket.in/university-reviews/colorado-state-university-2570/engineering,Colorado State University ,Col.SU
61,https://yocket.in/university-reviews/polytechnic-institute-of-new-york-university-762/engineering,Polytechnic Institute Of New York University ,NYU Poly
62,https://yocket.in/university-reviews/auburn-university-867/engineering,Auburn University ,Auburn
63,https://yocket.in/university-reviews/university-of-california-santa-barbara-708/engineering,"University of California, Santa Barbara ",UCSB
64,https://yocket.in/university-reviews/california-state-university-long-beach-2680/engineering,"California State University, Long Beach ",CSU LB
65,https://yocket.in/university-reviews/university-of-maryland-baltimore-county-2621/engineering,"University of Maryland, Baltimore County ",UMBC
66,https://yocket.in/university-reviews/west-virginia-university-morgantown-2859/engineering,"West Virginia University, Morgantown ",WVU
67,https://yocket.in/university-reviews/california-institute-of-technology-771/engineering,California Institute Of Technology ,CalTech
68,https://yocket.in/university-reviews/state-university-of-new-york-at-binghamton-2599/engineering,State University of New York at Binghamton ,SUNY Bingh.
69,https://yocket.in/university-reviews/california-state-university-los-angeles-2681/engineering,"California State University, Los Angeles ",CSU LA
70,https://yocket.in/university-reviews/texas-a-and-m-university-kingsville-2796/engineering,Texas A&M University - Kingsville ,TAMUK
71,https://yocket.in/university-reviews/indiana-university-bloomington-861/engineering,Indiana University Bloomington ,IUB
72,https://yocket.in/university-reviews/university-of-arizona-1813/engineering,University of Arizona ,U.Ariz
73,https://yocket.in/university-reviews/university-of-pittsburgh-821/engineering,University of Pittsburgh ,UPitt
74,https://yocket.in/university-reviews/oklahoma-state-university-stillwater-1812/engineering,Oklahoma State University-Stillwater ,Oklahoma
75,https://yocket.in/university-reviews/georgia-state-university-2573/engineering,Georgia State University ,GSU
76,https://yocket.in/university-reviews/texas-tech-university-2602/engineering,Texas Tech University ,TTU Whitcre
77,https://yocket.in/university-reviews/university-of-california-riverside-2611/engineering,"University of California, Riverside ",UC Riverside
78,https://yocket.in/university-reviews/johns-hopkins-university-744/engineering,Johns Hopkins University ,J.Hopkins
79,https://yocket.in/university-reviews/indiana-univ-purdue-univ-indianapolis-2576/engineering,Indiana University- Purdue University Indianapolis ,IUPUI
80,https://yocket.in/university-reviews/university-of-michigan-dearborn-2820/engineering,"University of Michigan, Dearborn ",UM Dearborn
81,https://yocket.in/university-reviews/university-of-north-carolina-at-chapel-hill-1101/engineering,University of North Carolina at Chapel Hill ,UNC-Chapel
82,https://yocket.in/university-reviews/george-washington-university-1103/engineering,George Washington University ,GWU
83,https://yocket.in/university-reviews/university-of-california-santa-cruz-2612/engineering,"University of California, Santa Cruz ",UCSC
84,https://yocket.in/university-reviews/duke-university-799/engineering,Duke University ,Duke
85,https://yocket.in/university-reviews/oregon-state-university-2592/engineering,Oregon State University ,Oregon SU
86,https://yocket.in/university-reviews/harvard-university-2574/engineering,Harvard University ,Harvard
87,https://yocket.in/university-reviews/california-state-university-east-bay-2677/engineering,"California State University, East Bay ",CSU EB
88,https://yocket.in/university-reviews/kansas-state-university-2577/engineering,Kansas State University ,Kansas SU
89,https://yocket.in/university-reviews/university-of-central-florida-2613/engineering,University of Central Florida ,UCF
90,https://yocket.in/university-reviews/cleveland-state-university-2569/engineering,Cleveland State University ,Cleveland
91,https://yocket.in/university-reviews/northern-illinois-university-2755/engineering,Northern Illinois University ,NIU
92,https://yocket.in/university-reviews/missouri-university-of-science-and-technology-2583/engineering,Missouri University of Science and Technology ,MUST
93,https://yocket.in/university-reviews/worcester-polytechnic-institute-2655/engineering,Worcester Polytechnic Institute ,WPI
94,https://yocket.in/university-reviews/lehigh-university-2579/engineering,Lehigh University ,Lehigh
95,https://yocket.in/university-reviews/drexel-university-2571/engineering,Drexel University ,Drexel
96,https://yocket.in/university-reviews/southern-methodist-university-2598/engineering,Southern Methodist University ,SMU Dallas
97,https://yocket.in/university-reviews/university-of-houston-clear-lake-2815/engineering,University of Houston - Clear Lake ,UHCL
98,https://yocket.in/university-reviews/wayne-state-university-2653/engineering,Wayne State University ,Wayne SU
99,https://yocket.in/university-reviews/california-state-university-sacramento-2683/engineering,"California State University, Sacramento ",Sac State
100,https://yocket.in/university-reviews/university-of-virginia-2647/engineering,University of Virginia ,U. Virginia
101,https://yocket.in/university-reviews/case-western-reserve-university-820/engineering,Case Western Reserve University ,CWRU
102,https://yocket.in/university-reviews/california-state-university-northridge-2682/engineering,"California State University, Northridge ",CSUN
103,https://yocket.in/university-reviews/university-of-massachusetts-lowell-2622/engineering,University of Massachusetts Lowell ,UM Lowell
104,https://yocket.in/university-reviews/university-of-rochester-2638/engineering,University of Rochester ,U.Rochester
105,https://yocket.in/university-reviews/university-of-connecticut-1104/engineering,University of Connecticut ,UConn
106,https://yocket.in/university-reviews/rice-university-2594/engineering,Rice University ,Rice
107,https://yocket.in/university-reviews/new-york-institute-of-technology-manhattan-2749/engineering,"New York Institute of Technology, Manhattan ",NYIT
108,https://yocket.in/university-reviews/state-university-of-new-york-albany-2791/engineering,State University of New York ,Albany) (SUNY Albany
109,https://yocket.in/university-reviews/pace-university-2763/engineering,Pace University ,Pace
110,https://yocket.in/university-reviews/princeton-university-1858/engineering,Princeton University ,Princeton
111,https://yocket.in/university-reviews/california-state-university-fresno-2678/engineering,"California State University, Fresno ",Fresno State
112,https://yocket.in/university-reviews/florida-state-university-2572/engineering,Florida State University ,FSU
113,https://yocket.in/university-reviews/brown-university-2567/engineering,Brown University ,Brown
114,https://yocket.in/university-reviews/university-of-iowa-1859/engineering,University of Iowa ,U of Iowa
115,https://yocket.in/university-reviews/wright-state-university-2656/engineering,Wright State University ,Wright SU
116,https://yocket.in/university-reviews/university-of-alabama-huntsville-2610/engineering,"University of Alabama, Huntsville ",UA Huntsvi.
117,https://yocket.in/university-reviews/university-of-colorado-at-denver-2812/engineering,University of Colorado at Denver ,UC Denver
118,https://yocket.in/university-reviews/wichita-state-university-2864/engineering,Wichita State University ,Wichita
119,https://yocket.in/university-reviews/university-of-dayton-2615/engineering,University of Dayton ,U of Dayton
120,https://yocket.in/university-reviews/florida-institute-of-technology-2711/engineering,Florida Institute of Technology ,FIT
121,https://yocket.in/university-reviews/university-of-oklahoma-2633/engineering,University of Oklahoma ,U. Okhla
122,https://yocket.in/university-reviews/rensselaer-polytechnic-institute-1158/engineering,Rensselaer Polytechnic Institute ,RPI
123,https://yocket.in/university-reviews/yale-university-2657/engineering,Yale University ,Yale
124,https://yocket.in/university-reviews/university-of-illinois-at-springfield-2817/engineering,University of Illinois at Springfield ,UIS
125,https://yocket.in/university-reviews/portland-state-university-2593/engineering,Portland State University ,PSU Maseeh
126,https://yocket.in/university-reviews/university-of-kansas-2618/engineering,University of Kansas ,U. Kansas
127,https://yocket.in/university-reviews/washington-state-university-2651/engineering,Washington State University ,Wshgton SU
128,https://yocket.in/university-reviews/university-of-missouri-columbia-2627/engineering,"University of Missouri, Columbia ",UM Columb
129,https://yocket.in/university-reviews/dartmouth-college-864/engineering,Dartmouth College ,Dartmouth
130,https://yocket.in/university-reviews/western-michigan-university-2862/engineering,Western Michigan University ,W Mich
131,https://yocket.in/university-reviews/university-of-north-texas-2832/engineering,University of North Texas ,UNT
132,https://yocket.in/university-reviews/kent-state-university-2578/engineering,Kent State University ,Kent SU
133,https://yocket.in/university-reviews/university-of-south-carolina-2639/engineering,University of South Carolina ,U. South Car
134,https://yocket.in/university-reviews/university-of-missouri-kansas-city-2822/engineering,"University of Missouri, Kansas City ",UMKC
135,https://yocket.in/university-reviews/lamar-university-2732/engineering,Lamar University ,Lamar
136,https://yocket.in/university-reviews/florida-international-university-3025/engineering,Florida International University ,FIU
137,https://yocket.in/university-reviews/washington-university-in-st.-louis-2652/engineering,Washington University in St. Louis ,WUSL
138,https://yocket.in/university-reviews/san-francisco-state-university-2776/engineering,San Francisco State University ,SFSU
139,https://yocket.in/university-reviews/university-of-delaware-903/engineering,University of Delaware ,U.Del
140,https://yocket.in/university-reviews/university-of-texas-san-antonio-2644/engineering,University of Texas at San Antonio ,UTSA
141,https://yocket.in/university-reviews/university-of-new-haven-2826/engineering,University of New Haven ,New Haven
142,https://yocket.in/university-reviews/utah-state-university-2648/engineering,Utah State University ,Utah SU
143,https://yocket.in/university-reviews/university-of-tennessee-at-knoxville-2642/engineering,University of Tennessee at Knoxville ,U. Tenn Knx
144,https://yocket.in/university-reviews/texas-a-and-m-university-commerce-2794/engineering,Texas A&M University - Commerce ,TAMUC
145,https://yocket.in/university-reviews/new-york-institute-of-technology-old-westbury-2750/engineering,"New York Institute of Technology, Old Westbury ",NYIT WB
146,https://yocket.in/university-reviews/louisiana-state-university-and-a-and-m-college-2580/engineering,Louisiana State University and A&M College ,LSU AMC
147,https://yocket.in/university-reviews/university-of-massachusetts-dartmouth-2623/engineering,University of Massachusetts Dartmouth ,UM Dartm
148,https://yocket.in/university-reviews/university-of-bridgeport-2809/engineering,University of Bridgeport ,Bridgeport
149,https://yocket.in/university-reviews/mississippi-state-university-2582/engineering,Mississippi State University ,Missi. SU
150,https://yocket.in/university-reviews/university-of-nebraska-lincoln-2628/engineering,"University of Nebraska, Lincoln ",UN Lincoln
151,https://yocket.in/university-reviews/university-of-massachusetts-boston-2819/engineering,"University of Massachusetts, Boston ",UMB
152,https://yocket.in/university-reviews/arkansas-state-university-2661/engineering,Arkansas State university ,A-State
153,https://yocket.in/university-reviews/lawrence-technological-university-2733/engineering,Lawrence Technological University ,LTU
154,https://yocket.in/university-reviews/the-university-of-chicago-2800/engineering,The University of Chicago ,U Chicago
155,https://yocket.in/university-reviews/university-of-central-missouri-2811/engineering,University of Central Missouri ,UCMO
156,https://yocket.in/university-reviews/university-of-san-francisco-2833/engineering,University of San Francisco ,USFCA
157,https://yocket.in/university-reviews/northwest-missouri-state-university-2757/engineering,Northwest Missouri State University ,NW Missouri
158,https://yocket.in/university-reviews/temple-university-2601/engineering,Temple University ,Temple Uni
159,https://yocket.in/university-reviews/university-of-alabama-at-birmingham-2609/engineering,University of Alabama at Birmingham ,UA Birmingh
160,https://yocket.in/university-reviews/alabama-a-and-m-university-2658/engineering,Alabama A&M University ,AAMU
161,https://yocket.in/university-reviews/university-of-wisconsin-milwaukee-2848/engineering,University of Wisconsin-Milwaukee ,UWM
162,https://yocket.in/university-reviews/ohio-university-2589/engineering,Ohio University ,Ohio Russ
163,https://yocket.in/university-reviews/colorado-school-of-mines-2696/engineering,Colorado School of Mines ,CSM Mines
164,https://yocket.in/university-reviews/texas-state-university-2798/engineering,Texas State University ,TX State
165,https://yocket.in/university-reviews/university-of-notre-dame-2632/engineering,University of Notre Dame ,Notre Dame
166,https://yocket.in/university-reviews/southern-illinois-university-carbondale-2597/engineering,"Southern Illinois University, Carbondale ",SIUC
167,https://yocket.in/university-reviews/central-michigan-university-2687/engineering,Central Michigan University ,C Mich
168,https://yocket.in/university-reviews/university-of-georgia-athens-2814/engineering,"University of Georgia, Athens ",GA Athens
169,https://yocket.in/university-reviews/bradley-university-2668/engineering,Bradley University ,Bradley
170,https://yocket.in/university-reviews/vanderbilt-university-2649/engineering,Vanderbilt University ,Vanderbilt
171,https://yocket.in/university-reviews/the-city-college-of-new-york-cuny-3031/engineering,"The City College of New York, CUNY ",CCNY
172,https://yocket.in/university-reviews/texas-a-and-m-university-corpus-christi-2795/engineering,Texas A&M University - Corpus Christi ,TAMUCC
173,https://yocket.in/university-reviews/depaul-university-2700/engineering,DePaul University ,DePaul
174,https://yocket.in/university-reviews/penn-state-harrisburg-2764/engineering,Penn State Harrisburg ,PSU HBG
175,https://yocket.in/university-reviews/california-polytechnic-state-university-2672/engineering,California Polytechnic State University ,Cal Poly
176,https://yocket.in/university-reviews/tufts-university-2604/engineering,Tufts University ,Tufts
177,https://yocket.in/university-reviews/oklahoma-state-university-tulsa-2762/engineering,"Oklahoma State University, Tulsa ",OSU Tulsa
178,https://yocket.in/university-reviews/university-of-arkansas-2806/engineering,University of Arkansas ,U Ark
179,https://yocket.in/university-reviews/university-of-new-mexico-2827/engineering,University of New Mexico ,UNM
180,https://yocket.in/university-reviews/university-of-texas-at-tyler-2841/engineering,University of Texas at Tyler ,UT Tyler
181,https://yocket.in/university-reviews/fairleigh-dickinson-university-2707/engineering,Fairleigh Dickinson University ,FDU
182,https://yocket.in/university-reviews/north-dakota-state-university-2753/engineering,North Dakota State University ,NDSU
183,https://yocket.in/university-reviews/eastern-michigan-university-2704/engineering,Eastern Michigan University ,E Mich
184,https://yocket.in/university-reviews/southern-illinois-university-edwardsville-2786/engineering,"Southern Illinois University, Edwardsville ",SIUE
185,https://yocket.in/university-reviews/university-of-akron-2608/engineering,University of Akron ,U of Akron
186,https://yocket.in/university-reviews/university-of-new-hampshire-2631/engineering,University of New Hampshire ,U New Hamp
187,https://yocket.in/university-reviews/chicago-state-university-2688/engineering,Chicago State University ,Chicago St
188,https://yocket.in/university-reviews/northeastern-illinois-university-2754/engineering,Northeastern Illinois University ,NEIU
189,https://yocket.in/university-reviews/state-university-of-new-york-new-paltz-2792/engineering,State University of New York – New Paltz ,SUNY NP
190,https://yocket.in/university-reviews/brigham-young-university-2566/engineering,Brigham Young University ,BYU Fulton
191,https://yocket.in/university-reviews/university-of-kentucky-2619/engineering,University of Kentucky ,U. Kentucky
192,https://yocket.in/university-reviews/university-of-nevada-las-vegas-2629/engineering,"University of Nevada, Las Vegas ",UN LV
193,https://yocket.in/university-reviews/old-dominion-university-2590/engineering,Old Dominion University ,ODU
194,https://yocket.in/university-reviews/california-state-polytechnic-university-pomona-2673/engineering,"California State Polytechnic University, Pomona ",Cal Poly CPP
195,https://yocket.in/university-reviews/suny-polytechnic-institute-3119/engineering,State University of New York Polytechnic Institute ,SUNY Poly
196,https://yocket.in/university-reviews/oakland-university-2760/engineering,Oakland University ,Oakland
197,https://yocket.in/university-reviews/bowling-green-state-university-2667/engineering,Bowling Green State University ,BGSU
198,https://yocket.in/university-reviews/city-university-of-new-york-brooklyn-college-2690/engineering,"City University Of New York, Brooklyn College ",CUNY Br
199,https://yocket.in/university-reviews/purdue-university-northwest-3158/engineering,Purdue University Northwest ,PNW
200,https://yocket.in/university-reviews/indiana-state-university-2724/engineering,Indiana State University ,Ind State
201,https://yocket.in/university-reviews/california-state-university-san-bernardino-2684/engineering,"California State University, San Bernardino ",CSU SB
202,https://yocket.in/university-reviews/western-illinois-university-2860/engineering,Western Illinois University ,WIU
203,https://yocket.in/university-reviews/north-carolina-a-and-t-state-university-2752/engineering,North Carolina A&T State University ,NCAT
204,https://yocket.in/university-reviews/south-dakota-state-university-2781/engineering,South Dakota State University ,SD State
205,https://yocket.in/university-reviews/university-of-idaho-1099/engineering,University of Idaho ,Idaho
206,https://yocket.in/university-reviews/new-mexico-state-university-2586/engineering,New Mexico State University ,NMSU
207,https://yocket.in/university-reviews/university-of-nebraska-omaha-2825/engineering,"University of Nebraska, Omaha ",UN Omaha
208,https://yocket.in/university-reviews/kettering-university-3030/engineering,"Kettering University, Flint ",Kettering
209,https://yocket.in/university-reviews/university-of-denver-2813/engineering,University of Denver ,U Denver
210,https://yocket.in/university-reviews/california-state-university-channel-islands-2675/engineering,"California State University, Channel Islands ",CSU CI
211,https://yocket.in/university-reviews/university-of-toledo-2645/engineering,University of Toledo ,U. Toledo
212,https://yocket.in/university-reviews/louisiana-tech-university-2735/engineering,Louisiana Tech University ,LA Tech
213,https://yocket.in/university-reviews/university-of-oregon-2634/engineering,University of Oregon ,U. Oregon
214,https://yocket.in/university-reviews/gannon-university-2715/engineering,Gannon University ,Gannon
215,https://yocket.in/university-reviews/seattle-university-2778/engineering,Seattle University ,Seattle U
216,https://yocket.in/university-reviews/university-of-miami-2625/engineering,University of Miami ,U. Miami
217,https://yocket.in/university-reviews/california-state-university-dominguez-hills-2676/engineering,"California State University, Dominguez Hills ",CSU DH
218,https://yocket.in/university-reviews/clarkson-university-2568/engineering,Clarkson University ,Clarkson
219,https://yocket.in/university-reviews/university-of-nevada-reno-2630/engineering,"University of Nevada, Reno ",UN Reno
220,https://yocket.in/university-reviews/minnesota-state-university-mankato-2743/engineering,"Minnesota State University, Mankato ",MNSU
221,https://yocket.in/university-reviews/university-of-texas-el-paso-2643/engineering,University of Texas at El Paso ,UT El Paso
222,https://yocket.in/university-reviews/university-of-michigan-flint-3142/engineering,"University of Michigan, Flint ",Flint
223,https://yocket.in/university-reviews/long-island-university-brooklyn-2734/engineering,"Long Island University, Brooklyn ",LIU Brooklyn
224,https://yocket.in/university-reviews/university-of-missouri-st.-louis-2823/engineering,University of Missouri-St. Louis ,UMSL
225,https://yocket.in/university-reviews/the-university-of-alabama-2799/engineering,The University of Alabama ,U Alabama
226,https://yocket.in/university-reviews/illinois-state-university-3035/engineering,Illinois State University ,Illinois State
227,https://yocket.in/university-reviews/university-of-louisiana-at-lafayette-2641/engineering,University of Louisiana at Lafayette ,U.SW Louisi
228,https://yocket.in/university-reviews/montana-state-university-at-bozeman-2584/engineering,Montana State University at Bozeman ,Montana SU
229,https://yocket.in/university-reviews/university-of-louisville-2620/engineering,University of Louisville ,U Louisville
230,https://yocket.in/university-reviews/university-of-north-carolina-at-greensboro-2829/engineering,University of North Carolina at Greensboro ,UNCG
231,https://yocket.in/university-reviews/university-of-colorado-at-colorado-springs-2614/engineering,University of Colorado at Colorado Springs ,UCCS
232,https://yocket.in/university-reviews/west-virginia-university-montgomery-2654/engineering,West Virginia University Institute of Technology ,WVU Tech
233,https://yocket.in/university-reviews/california-state-university-san-marcos-2685/engineering,"California State University, San Marcos ",CSU SM
234,https://yocket.in/university-reviews/virginia-international-university-2852/engineering,Virginia International University ,VIU
235,https://yocket.in/university-reviews/georgetown-university-2716/engineering,Georgetown University ,Georgetown
236,https://yocket.in/university-reviews/national-university-2747/engineering,National University ,NU Cal
237,https://yocket.in/university-reviews/florida-atlantic-university-2710/engineering,Florida Atlantic University ,FAU
238,https://yocket.in/university-reviews/marshall-university-3028/engineering,Marshall University ,Marshall
239,https://yocket.in/university-reviews/baylor-university-2664/engineering,Baylor University ,Baylor
240,https://yocket.in/university-reviews/tennessee-technological-university-2793/engineering,Tennessee Technological University ,TN Tech
241,https://yocket.in/university-reviews/oklahoma-city-university-2761/engineering,Oklahoma City University ,OKCU
242,https://yocket.in/university-reviews/university-of-arkansas-at-little-rock-2807/engineering,University of Arkansas at Little Rock ,UALR
243,https://yocket.in/university-reviews/grand-valley-state-university-2720/engineering,Grand Valley State University ,GVSU
244,https://yocket.in/university-reviews/miami-university-2740/engineering,Miami University ,Miami U
245,https://yocket.in/university-reviews/dakota-state-university-2698/engineering,Dakota State University ,DSU
246,https://yocket.in/university-reviews/alcorn-state-university-2659/engineering,Alcorn State University ,Alcorn
247,https://yocket.in/university-reviews/university-of-memphis-2624/engineering,University of Memphis ,U. Memphis
248,https://yocket.in/university-reviews/university-of-washington-tacoma-2845/engineering,"University of Washington, Tacoma ",UW Tacoma
249,https://yocket.in/university-reviews/california-state-university-chico-3145/engineering,California State University Chico ,CSU Chico
250,https://yocket.in/university-reviews/villanova-university-2851/engineering,Villanova University ,Villanova
251,https://yocket.in/university-reviews/virginia-commonwealth-university-2650/engineering,Virginia Commonwealth University ,VCU
252,https://yocket.in/university-reviews/university-of-minnesota-duluth-2821/engineering,University of Minnesota Duluth ,UMN Duluth
253,https://yocket.in/university-reviews/howard-university-2575/engineering,Howard University ,Howard
254,https://yocket.in/university-reviews/fordham-university-2712/engineering,Fordham University ,Fordham
255,https://yocket.in/university-reviews/ball-state-university-2663/engineering,Ball State University ,Ball State
256,https://yocket.in/university-reviews/florida-agricultural-and-mechanical-university-2709/engineering,Florida Agricultural and Mechanical University ,FAMU
257,https://yocket.in/university-reviews/loyola-university-chicago-2736/engineering,Loyola University Chicago ,LUC
258,https://yocket.in/university-reviews/boise-state-university-2665/engineering,Boise State University ,Boise State
259,https://yocket.in/university-reviews/university-of-washington-bothell-2844/engineering,"University of Washington, Bothell ",UW Bothell
260,https://yocket.in/university-reviews/northwestern-polytechnic-university-2758/engineering,Northwestern Polytechnic University ,NPU
261,https://yocket.in/university-reviews/university-of-mississippi-2626/engineering,University of Mississippi ,U. Mississi
262,https://yocket.in/university-reviews/pittsburgh-state-university-3157/engineering,Pittsburg State University ,Pitt State
263,https://yocket.in/university-reviews/st-cloud-state-university-2790/engineering,St. Cloud State University ,SCSU
264,https://yocket.in/university-reviews/southern-arkansas-university-2784/engineering,Southern Arkansas University ,SAU Mag
265,https://yocket.in/university-reviews/bridgewater-state-university-2670/engineering,Bridgewater State University ,BridgeW
266,https://yocket.in/university-reviews/university-of-wyoming-2850/engineering,University of Wyoming ,U Wyoming
267,https://yocket.in/university-reviews/marquette-university-2581/engineering,Marquette University ,Marquette
268,https://yocket.in/university-reviews/governors-state-university-2719/engineering,Governors State University ,Gov St
269,https://yocket.in/university-reviews/sacred-heart-university-2769/engineering,Sacred Heart University ,Sacred Heart
270,https://yocket.in/university-reviews/university-of-tulsa-2646/engineering,University of Tulsa ,U. Tulsa
271,https://yocket.in/university-reviews/city-university-of-new-york-staten-island-2693/engineering,"City University Of New York, Staten Island ",CUNY SI
272,https://yocket.in/university-reviews/university-of-houston-victoria-2816/engineering,University of Houston-Victoria ,UHV
273,https://yocket.in/university-reviews/northern-arizona-university-3169/engineering,Northern Arizona University ,NAU
274,https://yocket.in/university-reviews/city-university-of-new-york-queens-college-2692/engineering,"City University Of New York, Queens College ",QC CUNY
275,https://yocket.in/university-reviews/the-university-of-maine-2801/engineering,The University of Maine ,U Maine
276,https://yocket.in/university-reviews/the-university-of-southern-mississippi-2802/engineering,The University of Southern Mississippi ,USM
277,https://yocket.in/university-reviews/troy-university-2804/engineering,Troy University ,Troy
278,https://yocket.in/university-reviews/maharishi-university-of-management-2737/engineering,Maharishi University of Management ,MUM
279,https://yocket.in/university-reviews/east-carolina-university-2701/engineering,East Carolina University ,ECU
280,https://yocket.in/university-reviews/university-of-north-dakota-2830/engineering,University of North Dakota ,UND
281,https://yocket.in/university-reviews/colorado-technical-university-2697/engineering,Colorado Technical University ,CTU
282,https://yocket.in/university-reviews/appalachian-state-university-2660/engineering,Appalachian State University ,App State
283,https://yocket.in/university-reviews/washington-state-university-vancouver-2855/engineering,"Washington State University,Vancouver ",WSU Vanco
284,https://yocket.in/university-reviews/rowan-university-2768/engineering,Rowan University ,Rowan
285,https://yocket.in/university-reviews/university-of-rhode-island-2637/engineering,University of Rhode Island ,U.Rhode Isl
286,https://yocket.in/university-reviews/california-lutheran-university-2671/engineering,California Lutheran University ,Cal Lutheran
287,https://yocket.in/university-reviews/university-of-alaska-fairbanks-2805/engineering,"University of Alaska, Fairbanks ",UAF
288,https://yocket.in/university-reviews/emory-university-2706/engineering,Emory University ,Emory
289,https://yocket.in/university-reviews/university-of-california-merced-2810/engineering,"University of California, Merced ",UC Merced
290,https://yocket.in/university-reviews/university-of-south-alabama-3034/engineering,University of South Alabama ,South Alabama
291,https://yocket.in/university-reviews/college-of-william-and-mary-2695/engineering,College of William & Mary ,W&M
292,https://yocket.in/university-reviews/kennesaw-state-university-2728/engineering,Kennesaw State University ,Kennesaw
293,https://yocket.in/university-reviews/hofstra-university-2722/engineering,Hofstra University ,Hofstra
294,https://yocket.in/university-reviews/midwestern-state-university-2742/engineering,Midwestern State University ,MWSU
295,https://yocket.in/university-reviews/university-of-new-orleans-2828/engineering,University of New Orleans ,UNO
296,https://yocket.in/university-reviews/western-kentucky-university-2861/engineering,Western Kentucky University ,WKU
297,https://yocket.in/university-reviews/university-of-hawaii-at-manoa-2616/engineering,University of Hawaii at Manoa ,UH Manoa
298,https://yocket.in/university-reviews/texas-southern-university-2797/engineering,Texas Southern University ,TX SU
299,https://yocket.in/university-reviews/university-of-texas-pan-american-2838/engineering,University of Texas - Pan American ,UTPA
300,https://yocket.in/university-reviews/georgia-southern-university-2717/engineering,Georgia Southern University ,GA Southern
301,https://yocket.in/university-reviews/indiana-university-south-bend-2725/engineering,Indiana University South Bend ,IUSB
302,https://yocket.in/university-reviews/kentucky-state-university-2729/engineering,Kentucky State University ,KYSU
303,https://yocket.in/university-reviews/washington-state-university-tri-cities-2854/engineering,"Washington State University, Tri-Cities ",WSU Tricities
304,https://yocket.in/university-reviews/university-of-tennessee-at-chattanooga-2837/engineering,University of Tennessee at Chattanooga ,UTC
305,https://yocket.in/university-reviews/university-of-dallas-irving-3143/engineering,"University of Dallas, Irving ",UDallas
306,https://yocket.in/university-reviews/saint-joseph's-university-2770/engineering,Saint Joseph's University ,SJU
307,https://yocket.in/university-reviews/brandeis-university-2669/engineering,Brandeis University ,Brandeis
308,https://yocket.in/university-reviews/saint-marys-university-texas-2771/engineering,"Saint Marys University, Texas ",St Mary TX
309,https://yocket.in/university-reviews/roosevelt-university-2767/engineering,Roosevelt University ,Roosevelt
310,https://yocket.in/university-reviews/the-university-of-vermont-2603/engineering,The University of Vermont ,Vermont
311,https://yocket.in/university-reviews/tulane-university-2605/engineering,Tulane University ,Tulane
312,https://yocket.in/university-reviews/university-of-north-florida-2831/engineering,University of North Florida ,UNF
313,https://yocket.in/university-reviews/bowie-state-university-2666/engineering,Bowie State University ,Bowie State
314,https://yocket.in/university-reviews/east-tennessee-state-university-2703/engineering,East Tennessee State University ,ETSU
315,https://yocket.in/university-reviews/philadelphia-university-3114/engineering,Philadelphia University ,PhilaU
316,https://yocket.in/university-reviews/sam-houston-state-university-2774/engineering,Sam Houston State University ,SHSU
317,https://yocket.in/university-reviews/new-mexico-institute-of-mining-and-technology-2585/engineering,New Mexico Institute of Mining and Technology ,NMIMT
318,https://yocket.in/university-reviews/armstrong-atlantic-state-university-2662/engineering,Armstrong Atlantic State University ,Armstrong
319,https://yocket.in/university-reviews/middle-tennessee-state-university-2741/engineering,Middle Tennessee State University ,MTSU
320,https://yocket.in/university-reviews/embry-riddle-aeronautical-university-florida-3151/engineering,Embry Riddle Aeronautical University ,ERAU
321,https://yocket.in/university-reviews/university-of-south-dakota-2834/engineering,University of South Dakota ,USD
322,https://yocket.in/university-reviews/south-dakota-school-of-mines-and-technology-3029/engineering,South Dakota School of Mines and Technology ,SD Mines
323,https://yocket.in/university-reviews/fairleigh-dickinson-university-florham-2708/engineering,"Fairleigh Dickinson University, Florham ",FDU Florham
324,https://yocket.in/university-reviews/rivier-university-2766/engineering,Rivier University ,Rivier
325,https://yocket.in/university-reviews/southern-new-hampshire-university-3168/engineering,Southern New Hampshire University ,SNHU
326,https://yocket.in/university-reviews/monmouth-university-2745/engineering,Monmouth University ,Monmouth
327,https://yocket.in/university-reviews/city-university-of-seattle-3118/engineering,City University of Seattle ,CityU
328,https://yocket.in/university-reviews/youngstown-state-university-3164/engineering,Youngstown State University ,YSU
329,https://yocket.in/university-reviews/indiana-institute-of-technology-3037/engineering,Indiana Tech ,Indiana Tech
330,https://yocket.in/university-reviews/valparaiso-university-3166/engineering,Valparaiso University ,Valpo
331,https://yocket.in/university-reviews/city-university-of-new-york-lehman-college-2691/engineering,"City University Of New York, Lehman College ",CUNY Leh
332,https://yocket.in/university-reviews/mcneese-state-university-2738/engineering,McNeese State University ,McNeese
333,https://yocket.in/university-reviews/montclair-state-university-2746/engineering,Montclair State University ,Montclair
334,https://yocket.in/university-reviews/webster-university-2856/engineering,Webster University ,Webster
335,https://yocket.in/university-reviews/arkansas-tech-university-3121/engineering,Arkansas Tech University ,ATU
336,https://yocket.in/university-reviews/oregon-health-and-science-university-2591/engineering,Oregon Health and Science University ,OGIST
337,https://yocket.in/university-reviews/baruch-college-the-city-university-of-new-york-3140/engineering,Baruch College - The City University of New York ,CUNY Baruch
338,https://yocket.in/university-reviews/shippensburg-university-of-pennsylvania-2779/engineering,Shippensburg University of Pennsylvania ,Ship U
339,https://yocket.in/university-reviews/northern-kentucky-university-2756/engineering,Northern Kentucky University ,NKU
340,https://yocket.in/university-reviews/golden-gate-university-3153/engineering,Golden Gate University ,GGU
341,https://yocket.in/university-reviews/catholic-university-of-america-2686/engineering,Catholic University Of America ,CUA
342,https://yocket.in/university-reviews/james-madison-university-2727/engineering,James Madison University ,JMU
343,https://yocket.in/university-reviews/nova-southeastern-university-2759/engineering,Nova Southeastern University ,Nova
344,https://yocket.in/university-reviews/milwaukee-school-of-engineering-3027/engineering,Milwaukee School of Engineering ,MSOE
345,https://yocket.in/university-reviews/columbus-state-university-3148/engineering,Columbus State University ,Columbus
346,https://yocket.in/university-reviews/university-of-texas-rio-grand-valley-2840/engineering,University of Texas Rio Grande Valley ,UTRGV
347,https://yocket.in/university-reviews/university-of-central-oklahoma-3242/engineering,University of central oklahoma ,UCO
348,https://yocket.in/university-reviews/university-of-southern-mississippi-gulf-coast-2836/engineering,"University of Southern Mississippi, Gulf Coast ",USM Gulf
349,https://yocket.in/university-reviews/prairie-view-a-and-m-university-2765/engineering,Prairie View A&M University ,PVAMU
350,https://yocket.in/university-reviews/stratford-university-3116/engineering,Stratford University ,Stratford
351,https://yocket.in/university-reviews/georgia-southwestern-state-university-2718/engineering,Georgia Southwestern State University ,GSW
352,https://yocket.in/university-reviews/kutztown-university-of-pennsylvania-2730/engineering,Kutztown University of Pennsylvania ,Kutztown
353,https://yocket.in/university-reviews/university-of-wisconsin-platteville-2849/engineering,University of Wisconsin-Platteville ,UW Platt
354,https://yocket.in/university-reviews/southern-connecticut-state-university-2785/engineering,Southern Connecticut State University ,Southern CT
355,https://yocket.in/university-reviews/california-baptist-university-3149/engineering,California Baptist University ,CalBaptist
356,https://yocket.in/university-reviews/university-of-atlanta-2808/engineering,University of Atlanta ,U of A
357,https://yocket.in/university-reviews/eastern-washington-university-2705/engineering,Eastern Washington University ,EWU
358,https://yocket.in/university-reviews/western-new-england-university-3039/engineering,Western New England University ,WNE
359,https://yocket.in/university-reviews/murray-state-university-3156/engineering,Murray State University ,Murray State
360,https://yocket.in/university-reviews/claremont-graduate-university-3147/engineering,Claremont Graduate University ,CGU
361,https://yocket.in/university-reviews/mississippi-college-2744/engineering,Mississippi College ,MC
362,https://yocket.in/university-reviews/wake-forest-university-2853/engineering,Wake Forest University ,WFU
363,https://yocket.in/university-reviews/university-of-montana-2824/engineering,University of Montana ,UMT
364,https://yocket.in/university-reviews/towson-university-2803/engineering,Towson University ,Towson
365,https://yocket.in/university-reviews/clark-atlanta-university-2694/engineering,Clark Atlanta University ,Clark Atl
366,https://yocket.in/university-reviews/university-of-mary-hardin-baylor-3161/engineering,University of Mary Hardin-Baylor ,UMHB
367,https://yocket.in/university-reviews/university-of-west-florida-2846/engineering,University of West Florida ,UWF
368,https://yocket.in/university-reviews/university-of-the-pacific-2843/engineering,University of the Pacific ,U Pacific
369,https://yocket.in/university-reviews/university-of-the-district-of-columbia-2842/engineering,University of the District of Columbia ,UDC
370,https://yocket.in/university-reviews/east-stroudsburg-university-2702/engineering,East Stroudsburg University ,ESU
371,https://yocket.in/university-reviews/st-johns-university-3173/engineering,St. John's University ,St Johns
372,https://yocket.in/university-reviews/west-chester-university-of-pennsylvania-2858/engineering,West Chester University of Pennsylvania ,WCUPA
373,https://yocket.in/university-reviews/university-of-tampa-3160/engineering,University of Tampa ,U Tampa
374,https://yocket.in/university-reviews/university-of-north-america-3167/engineering,University of North America ,UoNA
375,https://yocket.in/university-reviews/marist-college-3155/engineering,Marist College ,Marist
376,https://yocket.in/university-reviews/metropolitan-state-university-2739/engineering,Metropolitan State University ,Metro State
377,https://yocket.in/university-reviews/western-washington-university-2863/engineering,Western Washington University ,WWU
378,https://yocket.in/university-reviews/wilmington-university-3182/engineering,Wilmington University ,Wilmington
379,https://yocket.in/university-reviews/southern-university-and-a-and-m-college-2789/engineering,Southern University and A&M College ,SUBR
380,https://yocket.in/university-reviews/montana-tech-3026/engineering,Montana Tech ,Montana Tech
381,https://yocket.in/university-reviews/saint-peters-university-new-jersey-3141/engineering,Saint Peter's University ,SPU NJ
382,https://yocket.in/university-reviews/university-of-west-georgia-2847/engineering,University of West Georgia ,UWG
383,https://yocket.in/university-reviews/sonoma-state-university-2780/engineering,Sonoma State University ,Sonoma
384,https://yocket.in/university-reviews/concordia-university-ann-arbor-3150/engineering,Concordia University - Ann Arbor ,CUAA
385,https://yocket.in/university-reviews/southern-oregon-university-2787/engineering,Southern Oregon University ,SOU
386,https://yocket.in/university-reviews/university-of-detroit-mercy-3170/engineering,University of Detroit Mercy ,UDMercy
387,https://yocket.in/university-reviews/franklin-university-2713/engineering,Franklin University ,Franklin
388,https://yocket.in/university-reviews/new-mexico-highlands-university-2748/engineering,New Mexico Highlands University ,NMHU
389,https://yocket.in/university-reviews/penn-state-great-valley-3306/engineering,Penn State Great Valley ,Great Valley
390,https://yocket.in/university-reviews/dallas-bapist-university-3117/engineering,Dallas Bapist University ,DBU
391,https://yocket.in/university-reviews/adelphi-university-3286/engineering,Adelphi University ,adelphi
392,https://yocket.in/university-reviews/central-connecticut-state-university-3146/engineering,Central Connecticut State University ,CCSU
393,https://yocket.in/university-reviews/hood-college-2723/engineering,Hood College ,Hood
394,https://yocket.in/university-reviews/hampton-university-2721/engineering,Hampton University ,Hampton
395,https://yocket.in/university-reviews/saint-xavier-university-2772/engineering,Saint Xavier University ,SXU
396,https://yocket.in/university-reviews/fairfield-university-3180/engineering,Fairfield University ,Fairfield
397,https://yocket.in/university-reviews/university-of-north-alabama-3113/engineering,University of North Alabama ,UNA Florence
398,https://yocket.in/university-reviews/norfolk-state-university-2751/engineering,Norfolk State University ,Norfolk
399,https://yocket.in/university-reviews/winston-salem-state-university-2865/engineering,Winston-Salem State University ,WSSU
400,https://yocket.in/university-reviews/la-salle-university-2731/engineering,La Salle University ,LaSalle
401,https://yocket.in/university-reviews/saint-xavier-university-illinois-orland-park-2773/engineering,"Saint Xavier University, Illinois- Orland Park ",SXU Orland
402,https://yocket.in/university-reviews/wesleyan-university-2857/engineering,Wesleyan University ,Wesleyan
403,https://yocket.in/university-reviews/christopher-newport-university-2689/engineering,Christopher Newport University ,CNU
404,https://yocket.in/university-reviews/university-of-texas-permian-basin-2839/engineering,University of Texas - Permian Basin ,UTPB
405,https://yocket.in/university-reviews/university-of-hartford-3162/engineering,University of Hartford ,Hartford
406,https://yocket.in/university-reviews/southeastern-louisiana-university-2782/engineering,Southeastern Louisiana University ,Southeastern
407,https://yocket.in/university-reviews/university-of-southern-maine-2835/engineering,University of Southern Maine ,USM Maine
408,https://yocket.in/university-reviews/university-of-phoenix-3171/engineering,University Of Phoenix ,Phoenix
409,https://yocket.in/university-reviews/trine-university-3181/engineering,Trine University ,Trine
410,https://yocket.in/university-reviews/southern-adventist-university-2783/engineering,Southern Adventist University ,SAU TN
411,https://yocket.in/university-reviews/atlantis-university-3144/engineering,Atlantis University ,Atlantis
412,https://yocket.in/university-reviews/mcphs-university-boston-3275/engineering,"MCPHS University, Boston ",MCPHS Boston
413,https://yocket.in/university-reviews/new-york-film-academy-los-angeles-campus-3174/engineering,New York Film Academy Los Angeles Campus ,NYFA LA
414,https://yocket.in/university-reviews/fontbonne-university-3152/engineering,"Fontbonne University, St Louis ",Fontbonne
415,https://yocket.in/university-reviews/st-thomas-university-3159/engineering,St Thomas University ,St Thomas
416,https://yocket.in/university-reviews/merrimack-college-3120/engineering,Merrimack College ,Merrimack
417,https://yocket.in/university-reviews/christian-brothers-university-3032/engineering,Christian Brothers University ,CBU
418,https://yocket.in/university-reviews/morgan-state-university-3154/engineering,Morgan State University ,Morgan
419,https://yocket.in/university-reviews/lipscomb-university-3177/engineering,"Lipscomb University, Nashville ",Lipscomb
420,https://yocket.in/university-reviews/duquesne-university-3271/engineering,Duquesne University ,DUQ
421,https://yocket.in/university-reviews/virginia-polytechnic-institute-and-state-university-3347/engineering,Virginia Polytechnic Institute and State University ,VT
422,https://yocket.in/university-reviews/university-of-the-cumberlands-3163/engineering,University of The Cumberlands ,Cumberlands
423,https://yocket.in/university-reviews/millersville-university-pennsylvania-3176/engineering,Millersville University ,Millersville
424,https://yocket.in/university-reviews/la-roche-college-3273/engineering,La Roche College ,Laroche
425,https://yocket.in/university-reviews/the-college-of-saint-rose-3285/engineering,The College of Saint Rose ,Strose
426,https://yocket.in/university-reviews/university-of-the-potomac-3165/engineering,University of the Potomac ,Potomac
427,https://yocket.in/university-reviews/capitol-technology-university-3179/engineering,Capitol Technology University ,CapTechU
428,https://yocket.in/university-reviews/keck-graduate-insitute-3272/engineering,Keck Graduate Institute ,KGI
429,https://yocket.in/university-reviews/new-york-film-academy-south-beach-campus-3175/engineering,New York Film Academy South Beach Campus ,NYFA SB
430,https://yocket.in/university-reviews/university-of-san-diego-3345/engineering,University of San Diego ,sandiego
431,https://yocket.in/university-reviews/southern-polytechnic-state-university-2788/engineering,Southern Polytechnic State University ,SPSU
432,https://yocket.in/university-reviews/ashland-university-3269/engineering,Ashland University ,Ashland
433,https://yocket.in/university-reviews/hult-international-business-school-3324/engineering,Hult International Business School ,Hult
434,https://yocket.in/university-reviews/university-of-portland-3343/engineering,University of Portland ,UP
435,https://yocket.in/university-reviews/bucknell-university-3315/engineering,Bucknell University ,bucknell
436,https://yocket.in/university-reviews/creighton-university-3319/engineering,Creighton University ,cerighton
437,https://yocket.in/university-reviews/furman-university-3172/engineering,"Furman University, Greenville ",Furman
438,https://yocket.in/university-reviews/mcphs-university-worcester-3276/engineering,"MCPHS University, Worcester ",MCPHS Worcester
439,https://yocket.in/university-reviews/california-polytechnic-state-university-san-luis-obispo-3317/engineering,"California Polytechnic State University, San Luis Obispo ",calpoly
440,https://yocket.in/university-reviews/mcphs-university-manchester-3274/engineering,"MCPHS University, Manchester ",MCPHS Manchester
441,https://yocket.in/university-reviews/loyola-university-maryland-3326/engineering,Loyola University Maryland ,Loyola
442,https://yocket.in/university-reviews/babson-college-3313/engineering,Babson College ,Babson
443,https://yocket.in/university-reviews/salisbury-university-3277/engineering,Salisbury University ,Salisbury
444,https://yocket.in/university-reviews/tulane-university-of-louisiana-3340/engineering,Tulane University of Louisiana ,Tulane
445,https://yocket.in/university-reviews/northwood-university-3312/engineering,Northwood University ,Northwood
446,https://yocket.in/university-reviews/the-college-of-new-jersey-3337/engineering,The College of New Jersey ,TCNJ
447,https://yocket.in/university-reviews/suny-college-of-environmental-science-and-forestry-3335/engineering,SUNY College of Environmental Science and Forestry ,ESF
448,https://yocket.in/university-reviews/trinity-university-3339/engineering,Trinity University ,trinity
449,https://yocket.in/university-reviews/colgate-university-3318/engineering,Colgate University ,colgate
450,https://yocket.in/university-reviews/wentworth-institute-of-technology-3280/engineering,Wentworth Institute of Technology ,WIT
451,https://yocket.in/university-reviews/texas-christian-university-3336/engineering,Texas Christian University ,TCU
452,https://yocket.in/university-reviews/Willamette-university-3282/engineering,Willamette University ,Willamette
453,https://yocket.in/university-reviews/University-of-northern-iowa-3342/engineering,University of Northern Iowa ,UNI
454,https://yocket.in/university-reviews/university-of-richmond-3344/engineering,University of Richmond ,richmond
455,https://yocket.in/university-reviews/new-york-medical-college-3329/engineering,New York Medical College ,NYMC
456,https://yocket.in/university-reviews/wheaton-college-3281/engineering,Wheaton College ,Wheaton
457,https://yocket.in/university-reviews/university-of-massachusetts-medical-school-worcester-3341/engineering,University of Massachusetts Medical School Worcester ,umassmed
458,https://yocket.in/university-reviews/yeshiva-university -3349/engineering,Yeshiva University ,YU
459,https://yocket.in/university-reviews/emerson-college-3322/engineering,Emerson College ,emerson
460,https://yocket.in/university-reviews/mount-holyoke-college-3327/engineering,Mount Holyoke College ,mtholoke
461,https://yocket.in/university-reviews/st-martin-university-3279/engineering,St Martin University ,Stmartin
462,https://yocket.in/university-reviews/sit-graduate-institute-3278/engineering,SIT Graduate Institute ,SIT graduate
463,https://yocket.in/university-reviews/butler-university-3316/engineering,Butler University ,butler
464,https://yocket.in/university-reviews/icahn-school-of-medicine-at-mount-sinai-3325/engineering,Icahn School of Medicine at Mount Sinai ,ICAHN MSSM
465,https://yocket.in/university-reviews/university-of-scranton-3346/engineering,University of Scranton ,Scranton
466,https://yocket.in/university-reviews/soka-university-of-america-3334/engineering,Soka University of America ,Soka
467,https://yocket.in/university-reviews/drake-university-3320/engineering,Drake University ,drake
468,https://yocket.in/university-reviews/trinity-college-3338/engineering,Trinity College ,trincoll
469,https://yocket.in/university-reviews/new-york-law-school-3328/engineering,New York Law School ,NYLS
470,https://yocket.in/university-reviews/elon-university-3321/engineering,Elon University ,elon
471,https://yocket.in/university-reviews/whitworth-university-3348/engineering,Whitworth University ,Whitworth
472,https://yocket.in/university-reviews/providence-college-3331/engineering,Providence College ,Providence
473,https://yocket.in/university-reviews/oberlin-college-3330/engineering,Oberlin College ,Oberlin
474,https://yocket.in/university-reviews/skidmore-college-3333/engineering,Skidmore College ,skidmore
475,https://yocket.in/university-reviews/gonzaga-university-3323/engineering,Gonzaga University ,gonzaga
476,https://yocket.in/university-reviews/rhodes-college-3332/engineering,Rhodes College ,Rhodes
477,https://yocket.in/university-reviews/bryn-mawr-college-3314/engineering,Bryn Mawr College ,Brynmawr
